title,author,license,license_url,page,note,kind,slot,caption
Furnadoia de Seceda y Resciesa.JPG,"This Photo was taken by Wolfgang Moroder. Feel free to use my photos, but please mention m",CC BY-SA 3.0,https://creativecommons.org/licenses/by-sa/3.0,https://commons.wikimedia.org/wiki/File:Furnadoia_de_Seceda_y_Resciesa.JPG,Adapted (cropped and converted to greyscale for print); the adaptation is shared under the same licence.,BY-SA,C03a,The Seceda cable car climbing above a sea of cloud.
Rifugio Auronzo Tre Cime 2.JPG,Antonio De Lorenzo,CC BY 2.5,https://creativecommons.org/licenses/by/2.5,https://commons.wikimedia.org/wiki/File:Rifugio_Auronzo_Tre_Cime_2.JPG,Cropped and converted to greyscale for print.,BY,C03c,"The Tre Cime di Lavaredo in winter, seen from near Rifugio Auronzo at the end of the toll road."
Stazione di Dobbiaco.jpg,Luca Mazzio (Luca83,CC BY-SA 2.5,https://creativecommons.org/licenses/by-sa/2.5,https://commons.wikimedia.org/wiki/File:Stazione_di_Dobbiaco.jpg,Adapted (cropped and converted to greyscale for print); the adaptation is shared under the same licence.,BY-SA,C04a,Dobbiaco (Toblach) station on the Pusteria railway line.
Alp18-122 Goldene-Alm.jpg,Lusi Lindwurm,CC BY-SA 4.0,https://creativecommons.org/licenses/by-sa/4.0,https://commons.wikimedia.org/wiki/File:Alp18-122_Goldene-Alm.jpg,Adapted (cropped and converted to greyscale for print); the adaptation is shared under the same licence.,BY-SA,C02s,"A summer meadow of buttercups on the Alpe di Siusi, with the Sciliar rocks behind."
Farmhouse Col de Flam in Urtijëi east.jpg,"This Photo was taken by Wolfgang Moroder. Feel free to use my photos, but please mention m",CC BY 3.0,https://creativecommons.org/licenses/by/3.0,https://commons.wikimedia.org/wiki/File:Farmhouse_Col_de_Flam_in_Urtij%C3%ABi_east.jpg,Cropped and converted to greyscale for print.,BY,C06b,A traditional farmhouse at Col de Flam in Ortisei (Urtijëi).
20130630 09 Passo Pordoi - Maratona dles Dolomites (9230188666).jpg,"Sjaak Kempe from Groningen, The Netherlands",CC BY 2.0,https://creativecommons.org/licenses/by/2.0,https://commons.wikimedia.org/wiki/File:20130630_09_Passo_Pordoi_-_Maratona_dles_Dolomites_(9230188666).jpg,Cropped and converted to greyscale for print.,BY,C04b,"Passo Pordoi in early summer, with old snow still lying beside the road."
Volgger Setra S 415 NF bus DP 039 BR 01.JPG,Piergiuliano Chesi,CC BY 3.0,https://creativecommons.org/licenses/by/3.0,https://commons.wikimedia.org/wiki/File:Volgger_Setra_S_415_NF_bus_DP_039_BR_01.JPG,Cropped and converted to greyscale for print.,BY,C04c,A South Tyrol local bus at Sterzing (Vipiteno).
Seiser Alm Alpe di Siusi Sassolungo Langkofel Val Gardena Südtirol Alto Adige Italia Italy (2017.09.21).jpg,Geir Hval (www.MacWhale.eu),CC BY-SA 4.0,https://creativecommons.org/licenses/by-sa/4.0,https://commons.wikimedia.org/wiki/File:Seiser_Alm_Alpe_di_Siusi_Sassolungo_Langkofel_Val_Gardena_S%C3%BCdtirol_Alto_Adige_Italia_Italy_(2017.09.21).jpg,Adapted (cropped and converted to greyscale for print); the adaptation is shared under the same licence.,BY-SA,C07b,"The Alpe di Siusi in September, with the Sassolungo and Sassopiatto rising behind the meadows."
Langkofel group from the Sella pass 2016.jpg,"This Photo was taken by Wolfgang Moroder. Feel free to use my photos, but please mention m",CC BY-SA 3.0,https://creativecommons.org/licenses/by-sa/3.0,https://commons.wikimedia.org/wiki/File:Langkofel_group_from_the_Sella_pass_2016.jpg,Adapted (cropped and converted to greyscale for print); the adaptation is shared under the same licence.,BY-SA,C07c,"The Sassolungo group seen from Passo Sella, here under winter snow."
Funes - chiesa di Santa Maddalena - 2026-09-04 12-00-54 001.JPG,Giladtop,CC BY-SA 4.0,https://creativecommons.org/licenses/by-sa/4.0,https://commons.wikimedia.org/wiki/File:Funes_-_chiesa_di_Santa_Maddalena_-_2026-09-04_12-00-54_001.JPG,Adapted (cropped and converted to greyscale for print); the adaptation is shared under the same licence.,BY-SA,C07d,"The church of Santa Maddalena in Val di Funes, with the Odle peaks behind."
20140929 Schlern 1.JPG,Bungert55,CC BY-SA 3.0,https://creativecommons.org/licenses/by-sa/3.0,https://commons.wikimedia.org/wiki/File:20140929_Schlern_1.JPG,Adapted (cropped and converted to greyscale for print); the adaptation is shared under the same licence.,BY-SA,C07e,"The Sciliar (Schlern) massif, with its two rock pinnacles at the right-hand end."
Frea pass Sella group Dolomites.jpg,"This Photo was taken by Wolfgang Moroder. Feel free to use my photos, but please mention m",CC BY-SA 3.0,https://creativecommons.org/licenses/by-sa/3.0,https://commons.wikimedia.org/wiki/File:Frea_pass_Sella_group_Dolomites.jpg,Adapted (cropped and converted to greyscale for print); the adaptation is shared under the same licence.,BY-SA,C01a,The Sella group above the Passo Gardena road.
Passo gardena2007.jpg,Passfahrer,CC BY 3.0,https://creativecommons.org/licenses/by/3.0,https://commons.wikimedia.org/wiki/File:Passo_gardena2007.jpg,Cropped and converted to greyscale for print.,BY,C01b,"The Passo Gardena sign gives the pass name in Ladin, German and Italian."
Mont de Sëuc Seiser Alm Montes de Gherdëina.jpg,"This Photo was taken by Wolfgang Moroder. Feel free to use my photos, but please mention m",CC BY-SA 3.0,https://creativecommons.org/licenses/by-sa/3.0,https://commons.wikimedia.org/wiki/File:Mont_de_S%C3%ABuc_Seiser_Alm_Montes_de_Gherd%C3%ABina.jpg,Adapted (cropped and converted to greyscale for print); the adaptation is shared under the same licence.,BY-SA,C02w,"Winter on the Alpe di Siusi, with the Sassolungo group in the distance."
Blühende Apfelbäume bei Meran.jpg,Rolf Kranz,CC BY-SA 4.0,https://creativecommons.org/licenses/by-sa/4.0,https://commons.wikimedia.org/wiki/File:Bl%C3%BChende_Apfelb%C3%A4ume_bei_Meran.jpg,Adapted (cropped and converted to greyscale for print); the adaptation is shared under the same licence.,BY-SA,C02p,"Apple trees in blossom in an orchard near Merano, South Tyrol."
Marmota marmota Cianpo de Crósc n3.jpg,Marie-Lan Taÿ Pamart,CC BY 4.0,https://creativecommons.org/licenses/by/4.0,https://commons.wikimedia.org/wiki/File:Marmota_marmota_Cianpo_de_Cr%C3%B3sc_n3.jpg,Cropped and converted to greyscale for print.,BY,C02m,"An alpine marmot at Cianpo de Crósc, in the Dolomiti d'Ampezzo nature park near Cortina d'Ampezzo."
Lago di Braies (Unsplash VowIFDxogG4).jpg,Luca Bravo lucabravo,CC0,http://creativecommons.org/publicdomain/zero/1.0/deed.en,https://commons.wikimedia.org/wiki/File:Lago_di_Braies_(Unsplash_VowIFDxogG4).jpg,,PD,C03b,The boathouse and rowing boats at Lago di Braies.
Die Seiser Alm Bahn in Südtirol. 03.jpg,Holger Uwe Schmitt,CC BY-SA 4.0,https://creativecommons.org/licenses/by-sa/4.0,https://commons.wikimedia.org/wiki/File:Die_Seiser_Alm_Bahn_in_S%C3%BCdtirol._03.jpg,Adapted (cropped and converted to greyscale for print); the adaptation is shared under the same licence.,BY-SA,C03d,"A gondola of the Seiser Alm cableway in South Tyrol, with snow on the hills."
"Forcelles, Colfosco - Corvara - panoramio.jpg",Zoran Kurelić Rabko,CC BY-SA 3.0,https://creativecommons.org/licenses/by-sa/3.0,"https://commons.wikimedia.org/wiki/File:Forcelles,_Colfosco_-_Corvara_-_panoramio.jpg",Adapted (cropped and converted to greyscale for print); the adaptation is shared under the same licence.,BY-SA,C06c,"The view from Forcelles, between Colfosco and Corvara in Alta Badia, with the mountains beyond."
Odles da Seceda da duman tl nibl Gherdëina.jpg,"This Photo was taken by Wolfgang Moroder. Feel free to use my photos, but please mention m",CC BY-SA 3.0,https://creativecommons.org/licenses/by-sa/3.0,https://commons.wikimedia.org/wiki/File:Odles_da_Seceda_da_duman_tl_nibl_Gherd%C3%ABina.jpg,Adapted (cropped and converted to greyscale for print); the adaptation is shared under the same licence.,BY-SA,C07a,"Early morning mist on the Odle peaks, seen from the Seceda ridge in Val Gardena."
"Naturpark Puez-Geisler - Blick Heiligkreuzkofel, Puez Nord 04.jpg",Oursana,CC0,http://creativecommons.org/publicdomain/zero/1.0/deed.en,"https://commons.wikimedia.org/wiki/File:Naturpark_Puez-Geisler_-_Blick_Heiligkreuzkofel,_Puez_Nord_04.jpg",,PD,C08f,The Heiligkreuzkofel (Sasso della Croce) in the Puez-Odle (Puez-Geisler) nature park.
Rifugio Averau 2.jpg,kallerna,CC BY-SA 4.0,https://creativecommons.org/licenses/by-sa/4.0,https://commons.wikimedia.org/wiki/File:Rifugio_Averau_2.jpg,Adapted (cropped and converted to greyscale for print); the adaptation is shared under the same licence.,BY-SA,C09g,"Rifugio Averau below Monte Averau, one of the huts near Nuvolau and the Cinque Torri."
"Averau from Fedare at Passo Giau, Belluno, Veneto, Italy, 2025 October.jpg",Ximonic (Simo Räsänen),CC BY-SA 4.0,https://creativecommons.org/licenses/by-sa/4.0,"https://commons.wikimedia.org/wiki/File:Averau_from_Fedare_at_Passo_Giau,_Belluno,_Veneto,_Italy,_2025_October.jpg",Adapted (cropped and converted to greyscale for print); the adaptation is shared under the same licence.,BY-SA,C09d,"Monte Averau seen from Fedare near the Passo Giau, in October."
Tre Cime di Lavaredo (Drei Zinnen) - Sexten Dolomites - 23 Aug. 2009.jpg,Jon Shave,CC BY 2.0,https://creativecommons.org/licenses/by/2.0,https://commons.wikimedia.org/wiki/File:Tre_Cime_di_Lavaredo_(Drei_Zinnen)_-_Sexten_Dolomites_-_23_Aug._2009.jpg,Cropped and converted to greyscale for print.,BY,C10a,"The Tre Cime di Lavaredo in warm low light, with cloud around the base."
3-8 Stage 2-6 Rifugio Antonio Locatelli - Rifugio Auronzo - panoramio (4).jpg,Hans Braam,CC BY 3.0,https://creativecommons.org/licenses/by/3.0,https://commons.wikimedia.org/wiki/File:3-8_Stage_2-6_Rifugio_Antonio_Locatelli_-_Rifugio_Auronzo_-_panoramio_(4).jpg,Cropped and converted to greyscale for print.,BY,C10b,"Rifugio Locatelli (Dreizinnenhütte), with rock walls rising behind it."
Misurina - Sixtinské Dolomity - panoramio.jpg,Pavel Špindler,CC BY 3.0,https://creativecommons.org/licenses/by/3.0,https://commons.wikimedia.org/wiki/File:Misurina_-_Sixtinsk%C3%A9_Dolomity_-_panoramio.jpg,Cropped and converted to greyscale for print.,BY,C10d,"Lago di Misurina, with the village and the mountains on its far shore."
"Di bianca e granitica dolomia, un simbolo di tutto l'arco alpino, le torri del Vajolet,Delago,Stabler,Winkler - panoramio.jpg",Maurizio Ceol,CC BY 3.0,https://creativecommons.org/licenses/by/3.0,"https://commons.wikimedia.org/wiki/File:Di_bianca_e_granitica_dolomia,_un_simbolo_di_tutto_l%27arco_alpino,_le_torri_del_Vajolet,Delago,Stabler,Winkler_-_panoramio.jpg",Cropped and converted to greyscale for print.,BY,C11a,"The Vajolet Towers in the Catinaccio group, with the hut at their foot."
20130702 02 Passo Gardena (9230185036).jpg,"Sjaak Kempe from Groningen, The Netherlands",CC BY 2.0,https://creativecommons.org/licenses/by/2.0,https://commons.wikimedia.org/wiki/File:20130702_02_Passo_Gardena_(9230185036).jpg,Cropped and converted to greyscale for print.,BY,C08a,"The climb to the Passo Gardena from Corvara, with Dolomite rock walls on either side."
Sass Pordoi from Passo Pordoi.jpg,Varus111,CC BY 3.0,https://creativecommons.org/licenses/by/3.0,https://commons.wikimedia.org/wiki/File:Sass_Pordoi_from_Passo_Pordoi.jpg,Cropped and converted to greyscale for print.,BY,C08b,"The rock face of Sass Pordoi (Pordoispitze), seen from the Passo Pordoi."
"ITA Brunico, Kronplatz Seilbahn 091.jpg",-wuppertaler,CC BY 4.0,https://creativecommons.org/licenses/by/4.0,"https://commons.wikimedia.org/wiki/File:ITA_Brunico,_Kronplatz_Seilbahn_091.jpg",Cropped and converted to greyscale for print.,BY,C04d,A gondola station on the Kronplatz (Plan de Corones).
3-8 Stage 2-6 Rifugio Antonio Locatelli - Rifugio Auronzo - panoramio (12).jpg,Hans Braam,CC BY 3.0,https://creativecommons.org/licenses/by/3.0,https://commons.wikimedia.org/wiki/File:3-8_Stage_2-6_Rifugio_Antonio_Locatelli_-_Rifugio_Auronzo_-_panoramio_(12).jpg,Cropped and converted to greyscale for print.,BY,C05a,"Rifugio Auronzo at 2,333 m, reached by the Tre Cime toll road."
Col de Flam a Urtijëi.jpg,"This Photo was taken by Wolfgang Moroder. Feel free to use my photos, but please mention m",CC BY-SA 3.0,https://creativecommons.org/licenses/by-sa/3.0,https://commons.wikimedia.org/wiki/File:Col_de_Flam_a_Urtij%C3%ABi.jpg,Adapted (cropped and converted to greyscale for print); the adaptation is shared under the same licence.,BY-SA,C06a,"Ortisei (Urtijëi) seen from Col de Flam, with the Seceda mountain in the background."
I07 988 Pisciadùhütte.jpg,Falk2,CC BY-SA 4.0,https://creativecommons.org/licenses/by-sa/4.0,https://commons.wikimedia.org/wiki/File:I07_988_Pisciad%C3%B9h%C3%BCtte.jpg,Adapted (cropped and converted to greyscale for print); the adaptation is shared under the same licence.,BY-SA,C08c,"Rifugio Cavazza al Pisciadù (Pisciadùhütte), beneath the Pisciadù cliffs."
FerrataTridentina17.JPG,Llorenzi,CC BY-SA 3.0,http://creativecommons.org/licenses/by-sa/3.0/,https://commons.wikimedia.org/wiki/File:FerrataTridentina17.JPG,Adapted (cropped and converted to greyscale for print); the adaptation is shared under the same licence.,BY-SA,C08d,"The Brigata Tridentina via ferrata. The red line shows the route up the cliff, and the suspension bridge (Ponte Tibetano) is marked near the top."
"Col Pradat, Colfosco - Corvara - panoramio.jpg",Zoran Kurelić Rabko,CC BY-SA 3.0,https://creativecommons.org/licenses/by-sa/3.0,"https://commons.wikimedia.org/wiki/File:Col_Pradat,_Colfosco_-_Corvara_-_panoramio.jpg",Adapted (cropped and converted to greyscale for print); the adaptation is shared under the same licence.,BY-SA,C08e,"The mountains above Colfosco and Corvara in Alta Badia, seen from Col Pradat."
Thurn Nordansicht.jpg,ManfredK,CC BY-SA 4.0,https://creativecommons.org/licenses/by-sa/4.0,https://commons.wikimedia.org/wiki/File:Thurn_Nordansicht.jpg,Adapted (cropped and converted to greyscale for print); the adaptation is shared under the same licence.,BY-SA,C08g,"Ciastel de Tor (Schloss Thurn) at San Martino in Badia, home of the Ladin museum."
Cortina d'Ampezzo.JPG,"Ximonic, Simo Räsänen",CC BY 2.5,https://creativecommons.org/licenses/by/2.5,https://commons.wikimedia.org/wiki/File:Cortina_d%27Ampezzo.JPG,Cropped and converted to greyscale for print.,BY,C09a,"Cortina d'Ampezzo on a cloudy evening, seen from a bridge, with the mountains behind the town."
"Cinque Torri, Dolomitak.jpg",Jolaus,CC0,http://creativecommons.org/publicdomain/zero/1.0/deed.en,"https://commons.wikimedia.org/wiki/File:Cinque_Torri,_Dolomitak.jpg",,PD,C09b,"The Cinque Torri rock towers on their grassy ridge, with the Tofane group on the left."
Gallerie del Lagazuoi 1.jpg,Szydzio,CC BY 4.0,https://creativecommons.org/licenses/by/4.0,https://commons.wikimedia.org/wiki/File:Gallerie_del_Lagazuoi_1.jpg,Cropped and converted to greyscale for print.,BY,C09c,"A Great War tunnel entrance on Lagazuoi, with a log ladder fixed beside the path."
Gallerie del Lagazuoi9.jpg,Llorenzi,CC BY-SA 3.0,https://creativecommons.org/licenses/by-sa/3.0,https://commons.wikimedia.org/wiki/File:Gallerie_del_Lagazuoi9.jpg,Adapted (cropped and converted to greyscale for print); the adaptation is shared under the same licence.,BY-SA,C17b,A timber-lined room inside the Lagazuoi tunnels.
Sorapiss and flower.jpg,Carmine Bonanni,CC BY-SA 4.0,https://creativecommons.org/licenses/by-sa/4.0,https://commons.wikimedia.org/wiki/File:Sorapiss_and_flower.jpg,Adapted (cropped and converted to greyscale for print); the adaptation is shared under the same licence.,BY-SA,C09e,"Lago di Sorapis, with the Sorapiss peaks reflected in the turquoise water."
"Tofana group from Passo Pordoi, Veneto, Italy, 2025 October.jpg",Ximonic (Simo Räsänen),CC BY-SA 4.0,https://creativecommons.org/licenses/by-sa/4.0,"https://commons.wikimedia.org/wiki/File:Tofana_group_from_Passo_Pordoi,_Veneto,_Italy,_2025_October.jpg",Adapted (cropped and converted to greyscale for print); the adaptation is shared under the same licence.,BY-SA,C09f,"The Tofane group lit by evening sun, seen across the valleys from near the Passo Pordoi."
Cadini di Misurina panorama.jpg,kallerna,CC BY-SA 4.0,https://creativecommons.org/licenses/by-sa/4.0,https://commons.wikimedia.org/wiki/File:Cadini_di_Misurina_panorama.jpg,Adapted (cropped and converted to greyscale for print); the adaptation is shared under the same licence.,BY-SA,C10c,The jagged spires of the Cadini di Misurina.
Fischleintal Sexten-2.jpg,Rufus46,CC BY-SA 3.0,https://creativecommons.org/licenses/by-sa/3.0,https://commons.wikimedia.org/wiki/File:Fischleintal_Sexten-2.jpg,Adapted (cropped and converted to greyscale for print); the adaptation is shared under the same licence.,BY-SA,C10e,"Val Fiscalina (Fischleintal) near Sesto, with walkers on the valley path."
"39034 Toblach, Province of Bolzano - South Tyrol, Italy - panoramio (2).jpg",More pics than views…,CC BY 3.0,https://creativecommons.org/licenses/by/3.0,"https://commons.wikimedia.org/wiki/File:39034_Toblach,_Province_of_Bolzano_-_South_Tyrol,_Italy_-_panoramio_(2).jpg",Cropped and converted to greyscale for print.,BY,C10g,Lago di Dobbiaco (Toblacher See) in summer.
Braies lake in autumn.jpg,Olga1969,CC BY 4.0,https://creativecommons.org/licenses/by/4.0,https://commons.wikimedia.org/wiki/File:Braies_lake_in_autumn.jpg,Cropped and converted to greyscale for print.,BY,C10h,"Lago di Braies, with the mountain walls reflected in the water."
"Tiersertal - St. Zyprian, Tiers, Bozen, Italy - July 4, 2020 02.jpg",Giorgio Galeotti,CC BY 4.0,https://creativecommons.org/licenses/by/4.0,"https://commons.wikimedia.org/wiki/File:Tiersertal_-_St._Zyprian,_Tiers,_Bozen,_Italy_-_July_4,_2020_02.jpg",Cropped and converted to greyscale for print.,BY,C11b,"The Catinaccio (Rosengarten) group above a hay hut in the Tiers valley, seen from the north side."
"3,343m Marmolada La montagna più alta delle Dolomiti 2,105m Passo Falzarego Italy - panoramio.jpg",Hiroki Ogawa,CC BY 3.0,https://creativecommons.org/licenses/by/3.0,"https://commons.wikimedia.org/wiki/File:3,343m_Marmolada_La_montagna_pi%C3%B9_alta_delle_Dolomiti_2,105m_Passo_Falzarego_Italy_-_panoramio.jpg",Cropped and converted to greyscale for print.,BY,C11c,"The Marmolada, the highest peak in the Dolomites (3,343 m), with its glacier below the summit."
Lago Fedaia - panoramio.jpg,Maurizio Ceol,CC BY 3.0,https://creativecommons.org/licenses/by/3.0,https://commons.wikimedia.org/wiki/File:Lago_Fedaia_-_panoramio.jpg,Cropped and converted to greyscale for print.,BY,C11f,"Lago di Fedaia beneath the Marmolada, with the mountains reflected in still water."
"Karersee - Welschnofen, Bozen, Italy - July 4, 2020.jpg",Giorgio Galeotti,CC BY 4.0,https://creativecommons.org/licenses/by/4.0,"https://commons.wikimedia.org/wiki/File:Karersee_-_Welschnofen,_Bozen,_Italy_-_July_4,_2020.jpg",Cropped and converted to greyscale for print.,BY,C11d,"Lago di Carezza (Karersee), with the Latemar behind the trees and the green water reflecting the sky."
Canazei - Comune di Canazei.jpg,BeppeViews,CC BY-SA 4.0,https://creativecommons.org/licenses/by-sa/4.0,https://commons.wikimedia.org/wiki/File:Canazei_-_Comune_di_Canazei.jpg,Adapted (cropped and converted to greyscale for print); the adaptation is shared under the same licence.,BY-SA,C11e,"Autumn larches and the mountains above Canazei, the main village at the head of Val di Fassa."
Bolzano 1-17 (9707028385).jpg,"Doug Knuth from Woodstock, IL",CC BY-SA 2.0,https://creativecommons.org/licenses/by-sa/2.0,https://commons.wikimedia.org/wiki/File:Bolzano_1-17_(9707028385).jpg,Adapted (cropped and converted to greyscale for print); the adaptation is shared under the same licence.,BY-SA,C12a,"Rooftops in Bolzano, with the Dolomites on the horizon."
Kloster Neustift Kreuzgang 02.JPG,Uoaei1,CC BY-SA 3.0,https://creativecommons.org/licenses/by-sa/3.0,https://commons.wikimedia.org/wiki/File:Kloster_Neustift_Kreuzgang_02.JPG,Adapted (cropped and converted to greyscale for print); the adaptation is shared under the same licence.,BY-SA,C12c,"The cloister of Neustift Abbey (Novacella) near Brixen, with its painted ribbed vaults."
Earth pyramids.jpg,Olga1969,CC BY 4.0,https://creativecommons.org/licenses/by/4.0,https://commons.wikimedia.org/wiki/File:Earth_pyramids.jpg,Cropped and converted to greyscale for print.,BY,C12d,"The earth pyramids of Renon (Ritten), with the plateau meadows and villages above them."
Nördliche Ansicht des Kronplatz.jpg,"User:A,Ocram",Public domain,,https://commons.wikimedia.org/wiki/File:N%C3%B6rdliche_Ansicht_des_Kronplatz.jpg,,PD,C12e,"The Kronplatz (Plan de Corones) from the north, a broad ski mountain with the summit station on top."
A90523cabinaRenonAaa.jpg,Radapanda at Italian Wikipedia,Public domain,,https://commons.wikimedia.org/wiki/File:A90523cabinaRenonAaa.jpg,,PD,C12f,A cabin of the Renon (Ritten) cableway above the forest on the climb from Bolzano.
Via ferrata Ivano Dibona - panoramio (2).jpg,Pavel Špindler,CC BY 3.0,https://creativecommons.org/licenses/by/3.0,https://commons.wikimedia.org/wiki/File:Via_ferrata_Ivano_Dibona_-_panoramio_(2).jpg,Cropped and converted to greyscale for print.,BY,C14a,"The suspension bridge on the Ivano Dibona via ferrata, high above the valley in the Cristallo group."
Rifugio Averau.JPG,Lorenzo Colombo (Olonia),CC BY-SA 3.0,https://creativecommons.org/licenses/by-sa/3.0,https://commons.wikimedia.org/wiki/File:Rifugio_Averau.JPG,Adapted (cropped and converted to greyscale for print); the adaptation is shared under the same licence.,BY-SA,C13b,"A Dolomites mountain hut: Rifugio Averau, where walkers stop for lunch on the high paths near Nuvolau."
"Bivio della Saslong- rossa a destra, nera a sinistra (3165956455).jpg",Pietro Zanarini,CC BY 2.0,https://creativecommons.org/licenses/by/2.0,"https://commons.wikimedia.org/wiki/File:Bivio_della_Saslong-_rossa_a_destra,_nera_a_sinistra_(3165956455).jpg",Cropped and converted to greyscale for print.,BY,C15a,"The Saslong run in Val Gardena, with the snow-covered Dolomites behind."
Schilder der Sellaronda.JPG,"User:A,Ocram",Public domain,,https://commons.wikimedia.org/wiki/File:Schilder_der_Sellaronda.JPG,,PD,C15b,Sellaronda signs. Orange marks the clockwise direction and green the counter-clockwise one.
"Olimpia delle Tofane ski race course and hill Col Drusciè, Tofana di Rozes, Dolomiti, Stadio Olimpico del Ghiaccio (Olympic Ice Stadium), September 2019 - Faloria Cortina d'Ampezzo 10 (cropped).jpg",kallerna,CC BY-SA 4.0,https://creativecommons.org/licenses/by-sa/4.0,"https://commons.wikimedia.org/wiki/File:Olimpia_delle_Tofane_ski_race_course_and_hill_Col_Drusci%C3%A8,_Tofana_di_Rozes,_Dolomiti,_Stadio_Olimpico_del_Ghiaccio_(Olympic_Ice_Stadium),_September_2019_-_Faloria_Cortina_d%27Ampezzo_10_(cropped).jpg",Adapted (cropped and converted to greyscale for print); the adaptation is shared under the same licence.,BY-SA,C15e,"The Olimpia delle Tofane ski race course above Cortina, seen in summer as a cleared strip on the slope."
"Steckenroth, leg of veal with dumplings.jpg",Gerda Arendt,CC0,http://creativecommons.org/publicdomain/zero/1.0/deed.en,"https://commons.wikimedia.org/wiki/File:Steckenroth,_leg_of_veal_with_dumplings.jpg",,PD,C16a,"Bread dumplings (Knödel, or canederli in Italian) served with roast veal and sauce."
Brettljause Speck Käse Kaminwurz Vinschgerl.JPG,Benreis,CC BY 3.0,https://creativecommons.org/licenses/by/3.0,https://commons.wikimedia.org/wiki/File:Brettljause_Speck_K%C3%A4se_Kaminwurz_Vinschgerl.JPG,Cropped and converted to greyscale for print.,BY,C16b,"A Brettljause board: Speck, mountain cheese, Kaminwurz sausage and Vinschgerl bread."
Apfelstrudel et glace vanille.jpg,Arnaud 25,CC0,http://creativecommons.org/publicdomain/zero/1.0/deed.en,https://commons.wikimedia.org/wiki/File:Apfelstrudel_et_glace_vanille.jpg,,PD,C16c,"Apfelstrudel (apple strudel), served with vanilla ice cream and cream."
Kaltern mit Mendelpass.jpg,Plentn,CC0,http://creativecommons.org/publicdomain/zero/1.0/deed.en,https://commons.wikimedia.org/wiki/File:Kaltern_mit_Mendelpass.jpg,,PD,C16d,"Vineyards at Kaltern (Caldaro), south of Bolzano, with the Mendel ridge beyond."
Castagne arrostite.jpg,Lucinao,CC BY 2.0,https://creativecommons.org/licenses/by/2.0,https://commons.wikimedia.org/wiki/File:Castagne_arrostite.jpg,Cropped and converted to greyscale for print.,BY,C16e,"Roast chestnuts (castagne arrostite), a favourite autumn food that goes with new wine at Törggelen."
Schlutzkrapfen2.jpg,Mikmaq,CC BY 3.0,https://creativecommons.org/licenses/by/3.0,https://commons.wikimedia.org/wiki/File:Schlutzkrapfen2.jpg,Cropped and converted to greyscale for print.,BY,C16f,"Schlutzkrapfen, half-moon ravioli served with butter and herbs."
Saslonch udu da Mont de Seuc.jpg,"This Photo was taken by Wolfgang Moroder. Feel free to use my photos, but please mention m",CC BY-SA 3.0,https://creativecommons.org/licenses/by-sa/3.0,https://commons.wikimedia.org/wiki/File:Saslonch_udu_da_Mont_de_Seuc.jpg,Adapted (cropped and converted to greyscale for print); the adaptation is shared under the same licence.,BY-SA,C17c,"Evening light turning the Sassolungo and Sassopiatto rock walls orange, the effect known as enrosadira."
Inaugurazion dla Cësa di Ladins Urtijëi 1954.jpg,Moroder,CC BY 3.0,https://creativecommons.org/licenses/by/3.0,https://commons.wikimedia.org/wiki/File:Inaugurazion_dla_C%C3%ABsa_di_Ladins_Urtij%C3%ABi_1954.jpg,Cropped and converted to greyscale for print.,BY,C17d,Ladin traditional costume at the opening of the Cësa di Ladins in Ortisei in 1954.
Just snap that picture - Flickr - v923z.jpg,Zoltán Vörös from Germany,CC BY 2.0,https://creativecommons.org/licenses/by/2.0,https://commons.wikimedia.org/wiki/File:Just_snap_that_picture_-_Flickr_-_v923z.jpg,Cropped and converted to greyscale for print.,BY,C17e,"Dusk light on the Lagazuoi summit ridge, with small figures standing at the top. Early and late light gives the best colour."
Colors Contrast (181754203).jpeg,Fabrizio Lunardi,CC0,http://creativecommons.org/publicdomain/zero/1.0/deed.en,https://commons.wikimedia.org/wiki/File:Colors_Contrast_(181754203).jpeg,,PD,C19b,"Dark storm clouds over a Dolomites ridge. Afternoon thunderstorms are common in July and August, so start early."
Sassolungo Langkofel Val Gardena Südtirol Alto Adige Italia Italy (2010.10.20).jpg,Geir Hval (www.MacWhale.eu),CC BY-SA 4.0,https://creativecommons.org/licenses/by-sa/4.0,https://commons.wikimedia.org/wiki/File:Sassolungo_Langkofel_Val_Gardena_S%C3%BCdtirol_Alto_Adige_Italia_Italy_(2010.10.20).jpg,Adapted (cropped and converted to greyscale for print); the adaptation is shared under the same licence.,BY-SA,C02a,"Golden larches below the Sassolungo in late autumn, with the first snow on the peaks."
"Innichen, St. Michaelsplatz.jpg",Rolf Kranz,CC BY-SA 4.0,https://creativecommons.org/licenses/by-sa/4.0,"https://commons.wikimedia.org/wiki/File:Innichen,_St._Michaelsplatz.jpg",Adapted (cropped and converted to greyscale for print); the adaptation is shared under the same licence.,BY-SA,C10f,"The main square of San Candido (Innichen), with snow-dusted peaks above the old town."
Ciclabile della Pusteria vicino San Candido 02.jpg,Codas,CC BY-SA 4.0,https://creativecommons.org/licenses/by-sa/4.0,https://commons.wikimedia.org/wiki/File:Ciclabile_della_Pusteria_vicino_San_Candido_02.jpg,Adapted (cropped and converted to greyscale for print); the adaptation is shared under the same licence.,BY-SA,C14e,"Cyclists and families on the Pusteria cycle path near San Candido, a flat, easy ride beside the river."
Fischleintal Sexten-1.jpg,Rufus46,CC BY-SA 3.0,https://creativecommons.org/licenses/by-sa/3.0,https://commons.wikimedia.org/wiki/File:Fischleintal_Sexten-1.jpg,Adapted (cropped and converted to greyscale for print); the adaptation is shared under the same licence.,BY-SA,C13a,"Walkers on the wide valley path in Val Fiscalina, a gentle walk with big mountain views."
20130630 16 Passo Giau - Maratona dles Dolomites (9230186688).jpg,"Sjaak Kempe from Groningen, The Netherlands",CC BY 2.0,https://creativecommons.org/licenses/by/2.0,https://commons.wikimedia.org/wiki/File:20130630_16_Passo_Giau_-_Maratona_dles_Dolomites_(9230186688).jpg,Cropped and converted to greyscale for print.,BY,C14b,"A road cyclist on the climb to the Passo Giau, photographed during the Maratona dles Dolomites."
Christkindlmarkt Bozen 03.JPG,Picture by Skafa No machine-readable author provided. Skafa~commonswiki assumed (based on ,CC BY-SA 2.5,https://creativecommons.org/licenses/by-sa/2.5,https://commons.wikimedia.org/wiki/File:Christkindlmarkt_Bozen_03.JPG,Adapted (cropped and converted to greyscale for print); the adaptation is shared under the same licence.,BY-SA,C15c,"The Christmas market (Christkindlmarkt) in Bolzano, with stalls under red-and-white awnings."
Edelweiss (203123935).jpeg,Marco Luzi,CC BY 3.0,https://creativecommons.org/licenses/by/3.0,https://commons.wikimedia.org/wiki/File:Edelweiss_(203123935).jpeg,Cropped and converted to greyscale for print.,BY,C17f,"Edelweiss, one of the protected alpine flowers. Do not pick it."
Aiut Alpin Dolomites.jpg,Ladislav Luppa,CC BY-SA 3.0,https://creativecommons.org/licenses/by-sa/3.0,https://commons.wikimedia.org/wiki/File:Aiut_Alpin_Dolomites.jpg,Adapted (cropped and converted to greyscale for print); the adaptation is shared under the same licence.,BY-SA,C19a,"An Aiut Alpin Dolomites rescue helicopter in flight. For any emergency in the mountains, call 112."
